neck_ratio,forward_lean_z,shoulder_tilt,head_tilt,hand_to_face,pose_x,pose_y,wrist_elevated,has_phone,label
0.537,0.6686,0.0811,0.0039,0.235,-74.1353,-8.3631,1,0,Leaning on Desk
0.5036,0.9396,0.0265,0.0189,1.0657,-46.9751,-0.771,1,0,Focused
0.5708,0.7839,0.0079,0.0118,1.108,-57.6981,-2.7689,1,0,Focused
0.5424,0.6504,0.093,0.0194,0.3047,-69.079,-9.06,1,0,Leaning on Desk
0.6486,0.5743,0.0054,0.0486,999.0,-74.5362,-11.095,0,0,Slouching
0.5156,0.5897,0.1007,0.0926,0.4681,-69.4492,-0.3054,1,0,Leaning on Desk
0.4225,0.1244,0.1942,0.0,2.2536,0.0,0.0,0,0,Looking Away
0.5524,0.7875,0.0531,0.0921,0.3562,-62.4825,-16.1856,1,0,Leaning on Desk
0.6133,0.8486,0.0477,0.0184,999.0,-52.4442,-2.7332,0,0,Focused
0.56,0.8502,0.0073,0.0109,1.0986,-47.2717,-1.6771,1,0,Focused
0.6154,0.8521,0.0516,0.0332,999.0,-55.9235,-2.1928,0,0,Focused
0.5573,0.8093,0.064,0.0264,1.643,-70.2425,-0.4937,0,0,Leaning on Desk
0.5657,0.8595,0.0073,0.0109,1.1667,-52.0409,-0.6245,1,0,Focused
0.6049,0.5352,0.0123,0.0247,0.3137,-66.7473,3.2034,1,0,Leaning on Desk
0.5782,0.3492,0.0201,0.0201,1.2152,-66.8033,47.1879,1,0,Looking Away
0.5828,0.4299,0.0283,0.0081,999.0,-80.4448,-15.0489,0,0,Looking Away
0.5772,0.7577,0.0037,0.0221,1.0839,-60.2625,-1.5786,1,0,Focused
0.5801,0.9153,0.0153,0.0153,999.0,-57.3434,-1.0724,0,0,Focused
0.5396,1.0808,0.0797,0.0532,0.9608,-71.9792,-3.3222,1,0,Slouching
0.5787,0.781,0.0157,0.0079,999.0,-55.9814,-1.0281,0,0,Focused
0.5611,0.6713,0.0478,0.004,999.0,-67.737,-0.6217,0,0,Leaning on Desk
0.5916,0.8867,0.0076,0.0153,999.0,-67.5127,-2.3079,0,0,Focused
0.5878,0.5454,0.0392,0.0157,0.4676,-70.7461,-0.1175,1,0,Leaning on Desk
0.635,0.8443,0.0175,0.0281,999.0,-62.4571,1.4434,0,0,Leaning on Desk
0.6375,0.3484,0.0407,0.009,999.0,-57.1807,-35.5853,0,0,Looking Away
0.4213,0.3728,0.121,0.0125,0.8631,-34.3583,43.5831,1,0,Looking Away
0.391,0.135,0.2538,0.1098,1.5031,0.0,0.0,0,0,Slouching
0.0458,0.6599,0.1526,0.1488,0.4249,0.0,0.0,1,0,Slouching
0.5092,0.9359,0.0302,0.0151,1.3775,-44.2403,-0.007,0,0,Focused
0.5247,0.9025,0.0152,0.0,999.0,-43.804,0.3041,0,0,Focused
0.6064,0.5288,0.0246,0.0123,999.0,-79.6563,15.9954,0,0,Looking Away
0.6307,0.8184,0.0526,0.03,999.0,-60.038,0.1964,0,0,Focused
0.5777,0.7681,0.0111,0.0259,1.0932,-56.9112,-0.7299,1,0,Focused
0.5541,0.7943,0.0715,0.0322,0.429,-69.0273,4.8674,1,0,Leaning on Desk
0.5507,0.1633,0.1539,0.0121,999.0,0.0,0.0,0,0,Looking Away
0.5601,0.7007,0.0038,0.0338,999.0,-64.1272,-2.0963,0,0,Slouching
0.5236,0.7837,0.0036,0.0255,1.1808,-42.1784,-0.6154,1,0,Focused
0.5877,0.9201,0.0114,0.0153,999.0,-56.5698,-1.0566,0,0,Focused
0.6478,0.5429,0.0691,0.0043,0.5269,-63.1436,7.3237,1,0,Leaning on Desk
0.5323,0.7984,0.0144,0.0252,1.0792,-42.547,-0.1253,1,0,Focused
0.5609,0.5606,0.0619,0.0289,999.0,-66.9164,38.0934,0,0,Looking Away
0.6282,0.8475,0.0561,0.0262,999.0,-59.6185,-0.0588,0,0,Focused
0.5567,0.4701,0.1207,0.035,0.3353,-78.0569,2.319,1,0,Leaning on Desk
0.2515,0.1731,0.2115,0.08,1.2498,0.0,0.0,0,0,Slouching
0.425,1.3097,0.1581,0.184,999.0,-41.0897,7.5662,0,0,Slouching
0.5852,0.8007,0.0074,0.0259,1.1159,-59.017,-1.2642,1,0,Focused
0.485,1.1761,0.0348,0.0107,999.0,-51.1568,-6.3654,0,0,Slouching
0.5415,0.7966,0.0144,0.018,1.0921,-43.7262,-1.3376,1,0,Focused
0.5595,0.5397,0.0229,0.0459,999.0,-69.0853,-6.4257,0,0,Slouching
0.4855,0.8056,0.1283,0.0763,999.0,-53.833,-0.8967,0,0,Slouching
0.6111,0.8385,0.0439,0.0146,999.0,-51.8415,-2.4539,0,0,Focused
0.5641,0.8162,0.011,0.0147,1.0888,-53.0074,-0.3516,1,0,Focused
0.3641,0.4254,0.2218,0.1088,999.0,0.0,0.0,0,0,Looking Away
0.5322,0.5775,0.1223,0.0755,0.4623,-75.8315,1.8362,1,0,Leaning on Desk
0.5157,0.6885,0.1138,0.0531,999.0,-56.431,-1.9006,0,0,Slouching
0.5356,0.6483,0.1173,0.0039,0.2212,-76.0418,-7.123,1,0,Leaning on Desk
0.6328,0.6762,0.0416,0.0208,0.5206,-64.3545,8.7135,1,0,Leaning on Desk
0.5206,0.7851,0.0264,0.0113,1.0656,-49.6357,-1.9963,1,0,Focused
0.5918,0.4873,0.0163,0.0204,0.4402,-67.2157,-0.6976,1,0,Leaning on Desk
0.532,0.1498,0.0257,0.0343,999.0,0.0,0.0,0,0,Looking Away
0.5564,0.6771,0.0038,0.0301,999.0,-65.3583,-2.544,0,0,Slouching
0.5214,0.7725,0.3081,0.1117,999.0,-75.6185,-1.2275,0,0,Slouching
0.5169,0.9223,0.0189,0.0038,1.1909,-45.4298,-0.2804,1,0,Focused
0.556,0.7307,0.0037,0.0299,999.0,-64.2252,-2.6828,0,0,Slouching
0.5188,0.9799,0.0227,0.0076,1.3982,-44.4619,0.0571,0,0,Focused
0.6374,0.4511,0.0452,0.009,999.0,-55.9838,-35.889,0,0,Looking Away
0.6382,0.8036,0.0,0.0244,0.5611,-64.8929,8.4796,1,0,Leaning on Desk
0.4979,0.8844,0.0302,0.0151,1.5359,-44.2861,-0.0656,0,0,Focused
0.3348,0.6853,0.1977,0.0968,999.0,0.0,0.0,0,0,Looking Away
0.5616,1.0803,0.0951,0.0267,999.0,-67.3279,-3.3612,0,0,Slouching
0.5292,0.6789,0.0,0.0255,1.1168,-40.8177,0.6317,1,0,Focused
0.5169,0.6244,0.1364,0.0646,0.4088,-65.2861,6.3073,1,0,Leaning on Desk
0.607,0.4571,0.0198,0.004,1.4198,-70.6841,32.4763,1,0,Looking Away
0.4201,0.398,0.1488,0.0175,0.5865,0.0,0.0,1,0,Looking Away
0.5577,0.5485,0.1652,0.0258,999.0,-51.0992,-1.4341,0,0,Slouching
0.5476,1.1375,0.0694,0.0437,0.8489,-67.0908,-11.6287,1,0,Slouching
0.5615,0.6949,0.0528,0.0151,999.0,-65.5853,1.288,0,0,Leaning on Desk
0.5114,0.9526,0.0153,0.0153,1.1291,-43.2058,-1.1617,1,0,Focused
0.6306,0.8378,0.0563,0.0263,999.0,-60.3479,0.001,0,0,Focused
0.5251,0.9402,0.177,0.198,0.4891,-53.097,0.1473,1,0,Leaning on Desk
0.1616,0.9092,0.1521,0.1584,1.4447,0.0,0.0,0,0,Slouching
0.5522,0.7521,0.0413,0.0,1.2403,-52.8844,-7.6775,1,0,Focused
0.3736,0.479,0.1245,0.0457,1.0675,0.0,0.0,0,0,Looking Away
0.5953,0.8512,0.0191,0.0191,999.0,-60.9354,0.1412,0,0,Focused
0.6228,0.5925,0.0088,0.0219,999.0,-75.8605,25.9405,0,0,Looking Away
0.5466,0.8261,0.066,0.0367,999.0,-68.3871,-1.062,0,0,Leaning on Desk
0.506,0.8082,0.2499,0.0843,999.0,-70.5743,3.3378,0,0,Slouching
0.3859,0.5176,0.0517,0.004,999.0,0.0,0.0,0,0,Looking Away
0.5262,0.8939,0.0341,0.0076,1.232,-48.7694,-1.5221,1,0,Focused
0.3843,0.3975,0.131,0.048,0.6414,-21.7739,58.9162,1,0,Looking Away
0.5514,0.7381,0.0345,0.0038,1.171,-56.4837,-5.8239,1,0,Focused
0.2296,0.679,0.26,0.1283,0.5301,0.0,0.0,1,0,Slouching
0.6022,0.8899,0.0469,0.0144,999.0,-52.2984,-1.9702,0,0,Focused
0.5705,0.9745,0.0894,0.0278,999.0,-65.4243,-7.0081,0,0,Slouching
0.5915,0.2337,0.0644,0.0443,999.0,0.0,0.0,0,0,Looking Away
0.5181,0.8644,0.0109,0.0217,1.1331,-39.5022,0.7232,1,0,Focused
0.505,0.6654,0.1254,0.0573,0.4184,-59.7484,3.1138,1,0,Leaning on Desk
0.2061,0.3601,0.1849,0.1321,1.0574,0.0,0.0,0,0,Slouching
0.519,0.9139,0.0153,0.0153,1.1287,-44.0781,-1.6329,1,0,Focused
0.5226,0.956,0.0227,0.0114,1.4708,-45.0519,0.2507,0,0,Focused
0.5596,0.655,0.0036,0.0144,1.1474,-52.5292,-0.9892,1,0,Focused
0.6204,0.4281,0.0302,0.0086,999.0,-56.4263,-34.8543,0,0,Looking Away
0.5954,0.8794,0.0076,0.0153,999.0,-67.0189,-2.4947,0,0,Focused
0.5074,0.9011,0.0227,0.0189,1.0639,-48.7447,-1.6714,1,0,Focused
0.5916,0.8756,0.0114,0.0153,999.0,-67.8056,-2.2214,0,0,Focused
0.472,0.2547,0.1388,0.0278,1.927,0.0,0.0,0,0,Looking Away
0.5876,0.437,0.037,0.037,999.0,-40.6801,-34.0201,0,0,Looking Away
0.5328,0.4387,0.1825,0.0913,999.0,-79.1443,-11.9791,0,0,Slouching
0.5725,0.5529,0.1001,0.0334,999.0,-62.3673,-15.4319,0,0,Slouching
0.5801,0.9049,0.0153,0.0153,999.0,-57.5217,-0.9049,0,0,Focused
0.5392,0.6136,0.1348,0.0843,0.5393,-53.1433,6.5677,1,0,Leaning on Desk
0.5776,0.4308,0.0629,0.0079,999.0,-66.4925,-36.7028,0,0,Looking Away
0.6183,0.6239,0.035,0.0117,0.4741,-73.6558,-16.9416,1,0,Leaning on Desk
0.6243,0.8166,0.0598,0.0336,999.0,-60.0257,-0.7573,0,0,Focused
0.5337,0.6392,0.0469,0.0361,0.4146,-71.2234,4.2163,1,0,Leaning on Desk
0.5401,0.9542,0.2013,0.1275,0.2669,-62.5722,-23.6786,1,0,Leaning on Desk
0.5991,0.8446,0.0191,0.0191,999.0,-60.5996,-0.0409,0,0,Focused
0.3307,0.7074,0.1533,0.0524,999.0,-27.3925,25.0908,0,0,Looking Away
0.568,0.8911,0.0156,0.0117,999.0,-58.7019,-3.7769,0,0,Focused
0.5148,0.4091,0.0353,0.0303,999.0,-58.0582,-12.7949,0,0,Slouching
0.5568,0.7245,0.0419,0.0038,1.1593,-56.5155,-6.6586,1,0,Focused
0.5849,0.4032,0.0368,0.0368,999.0,-41.852,-32.2668,0,0,Looking Away
0.5379,0.6584,0.1091,0.0039,0.2431,-78.0097,-8.4475,1,0,Leaning on Desk
0.5524,0.7716,0.0741,0.0445,999.0,-68.4897,-1.2362,0,0,Leaning on Desk
0.4348,0.133,0.2944,0.0498,999.0,0.0,0.0,0,0,Looking Away
0.5226,0.9815,0.0227,0.0114,1.5624,-44.9301,0.3676,0,0,Focused
0.6067,0.5946,0.0214,0.0171,999.0,-80.4842,22.2884,0,0,Looking Away
0.5616,0.6946,0.0072,0.0145,1.1569,-50.0642,-1.6027,1,0,Focused
0.6245,0.8541,0.0561,0.0299,999.0,-59.3702,-0.4645,0,0,Focused
0.5642,0.8792,0.0117,0.0117,999.0,-58.5504,-3.9316,0,0,Focused
0.4888,1.2442,0.0998,0.0524,0.8094,-52.1925,-13.9183,1,0,Slouching
0.5215,0.7393,0.0326,0.0181,1.048,-40.894,0.0606,1,0,Focused
0.5945,0.4954,0.1592,0.0318,999.0,-56.052,1.3771,0,0,Slouching
0.5725,0.6979,0.0487,0.0041,999.0,-49.7788,-0.4453,0,0,Looking Away
0.5299,0.6307,0.1178,0.0118,0.2483,-78.6387,-8.2194,1,0,Leaning on Desk
0.5056,0.9572,0.0228,0.019,1.0718,-46.2681,-0.383,1,0,Focused
0.525,1.1264,0.0782,0.0656,0.8515,-60.9879,-12.3284,1,0,Slouching
0.5234,0.7731,0.0144,0.0217,0.4332,-68.0979,1.7477,1,0,Leaning on Desk
0.5094,0.9846,0.0152,0.019,1.0922,-43.1049,-0.6183,1,0,Focused
0.544,0.8992,0.0192,0.0038,999.0,-40.0963,-0.475,0,0,Focused
0.6177,0.5906,0.0415,0.0166,999.0,-79.1276,0.2724,0,0,Looking Away
0.6122,0.5295,0.1725,0.0278,999.0,-55.5102,0.4912,0,0,Slouching
0.5334,0.6208,0.0501,0.0394,0.4116,-71.3384,3.8345,1,0,Leaning on Desk
0.6196,0.5091,0.0683,0.0319,1.0703,-56.1614,32.9276,1,0,Looking Away
0.6308,0.4386,0.0788,0.0225,999.0,-74.8892,-14.1018,0,0,Slouching
0.5084,0.4686,0.1876,0.0296,999.0,-54.0535,-4.5465,0,0,Slouching
0.594,0.4945,0.0789,0.0249,0.507,-63.7388,8.7607,1,0,Leaning on Desk
0.6219,0.5949,0.0415,0.0124,999.0,-78.518,-0.2737,0,0,Looking Away
0.537,0.6308,0.0501,0.043,0.4058,-69.4494,2.5816,1,0,Leaning on Desk
0.6125,0.6312,0.0358,0.0322,0.5016,-60.0715,-3.1402,1,0,Leaning on Desk
0.6326,0.8742,0.028,0.028,999.0,-63.2865,1.802,0,0,Leaning on Desk
0.6032,0.5217,0.0121,0.0283,0.3317,-66.0139,2.4533,1,0,Leaning on Desk
0.5819,0.8458,0.0379,0.0042,0.2712,-60.2299,-7.6577,1,0,Leaning on Desk
0.2052,0.9844,0.1924,0.1603,1.4567,0.0,0.0,0,0,Slouching
0.5573,1.0323,0.0954,0.0268,999.0,-64.8923,-3.9196,0,0,Slouching
0.5241,0.835,0.2934,0.1121,999.0,-72.4606,-2.7015,0,0,Slouching
0.6093,0.2699,0.0865,0.0165,999.0,-65.2118,-41.2556,0,0,Looking Away
0.5792,0.5958,0.0885,0.0406,0.4877,-70.6613,-7.1072,1,0,Leaning on Desk
0.5749,0.7908,0.0208,0.0042,0.2729,-60.0769,-8.0964,1,0,Leaning on Desk
0.5641,0.2754,0.0249,0.0207,999.0,-63.1983,-27.7336,0,0,Looking Away
0.5928,0.51,0.1549,0.032,999.0,-54.8929,1.5678,0,0,Slouching
0.5192,0.4232,0.1638,0.1238,0.4913,-79.9913,5.0265,1,0,Leaning on Desk
0.5537,0.8443,0.0269,0.018,999.0,-70.8392,-2.7709,0,0,Slouching
0.6327,0.8381,0.021,0.028,999.0,-63.1292,1.6057,0,0,Leaning on Desk
0.5119,1.2342,0.0447,0.0398,0.8373,-48.3817,-19.0696,1,0,Slouching
0.5597,0.7297,0.0037,0.0261,999.0,-64.8555,-2.5736,0,0,Slouching
0.5472,0.5853,0.1592,0.0811,999.0,-79.5783,-14.5913,0,0,Slouching
0.5893,0.8792,0.0076,0.0152,999.0,-67.7501,-2.2414,0,0,Focused
0.5562,0.8122,0.061,0.0229,0.5151,-69.2586,-0.8421,1,0,Leaning on Desk
0.5777,0.4521,0.241,0.0891,999.0,-80.7927,-7.2433,0,0,Slouching
0.5862,0.475,0.0393,0.0118,999.0,-84.4904,-12.9807,0,0,Looking Away
0.5685,0.7106,0.0447,0.0041,999.0,-49.8923,0.1787,0,0,Looking Away
0.5698,0.8336,0.0147,0.0147,1.1256,-53.818,-0.8774,1,0,Focused
0.6184,0.573,0.0088,0.0175,999.0,-76.8499,24.6305,0,0,Looking Away
0.4931,0.1977,0.0986,0.0269,1.9277,0.0,0.0,0,0,Looking Away
0.5694,0.8365,0.0107,0.0107,0.3381,-62.4207,-12.6713,1,0,Leaning on Desk
0.6582,0.4115,0.0558,0.0167,999.0,-75.7084,-14.5536,0,0,Slouching
0.6071,0.5118,0.043,0.043,999.0,-41.0087,-34.283,0,0,Looking Away
0.5523,0.373,0.0631,0.0158,999.0,-72.5418,36.6823,0,0,Looking Away
0.5868,0.779,0.0383,0.0043,0.2769,-61.0129,-7.377,1,0,Leaning on Desk
0.6104,0.6405,0.04,0.0145,0.8875,-60.7385,-4.1826,1,0,Leaning on Desk
0.6133,0.8441,0.0477,0.0184,999.0,-52.0115,-2.7162,0,0,Focused
0.584,0.6421,0.0592,0.0039,1.9949,-56.1719,-37.105,0,0,Looking Away
0.5707,0.6845,0.0489,0.0,999.0,-49.2474,0.2378,0,0,Looking Away
0.6349,0.8809,0.021,0.0281,999.0,-63.8154,1.2398,0,0,Leaning on Desk
0.5813,0.5841,0.0773,0.0405,0.4591,-71.2665,-6.4807,1,0,Leaning on Desk
0.5629,0.7692,0.0197,0.0079,1.0937,-58.3451,-2.5051,1,0,Focused
0.5153,0.8,0.2992,0.0997,999.0,-74.2522,1.084,0,0,Slouching
0.5812,0.5988,0.0203,0.0284,0.4131,-68.3624,-0.8329,1,0,Leaning on Desk
0.3926,0.5071,0.2591,0.1335,0.4871,-70.0068,0.354,1,0,Leaning on Desk
0.6229,0.6684,0.0261,0.0373,1.3492,-60.1601,-3.9032,0,0,Leaning on Desk
0.5335,0.8412,0.1452,0.1857,0.4998,-64.9429,16.6553,1,0,Leaning on Desk
0.5197,0.795,0.0253,0.018,1.0831,-39.6335,1.0945,1,0,Focused
0.5888,0.4639,0.1525,0.0315,999.0,-55.7265,1.325,0,0,Slouching
0.6095,0.6407,0.0424,0.0154,0.4691,-75.537,-16.4483,1,0,Leaning on Desk
0.6229,0.6569,0.0261,0.0373,1.3204,-59.2348,-4.6129,0,0,Leaning on Desk
0.5636,0.9032,0.0154,0.0116,999.0,-58.6451,-3.6519,0,0,Focused
0.5951,0.5826,0.0198,0.0079,1.4159,-81.4619,23.9213,1,0,Looking Away
0.6151,0.4575,0.0299,0.0085,999.0,-56.4095,-37.4286,0,0,Looking Away
0.5478,1.0115,0.0891,0.0419,0.8731,-74.4732,-2.8436,1,0,Slouching
0.5008,1.1822,0.0465,0.0516,0.8857,-47.347,-16.4735,1,0,Slouching
0.0698,0.7656,0.1763,0.213,0.4064,0.0,0.0,1,0,Slouching
0.4177,1.2984,0.1816,0.1894,999.0,-39.616,8.3704,0,0,Slouching
0.5169,0.9361,0.0189,0.0,999.0,-44.9108,-0.1301,0,0,Focused
0.5979,0.642,0.0376,0.0167,999.0,-85.9776,-19.357,0,0,Looking Away
0.5953,0.875,0.0191,0.0191,999.0,-60.3675,-0.1228,0,0,Focused
0.5916,0.8805,0.0038,0.0115,999.0,-67.119,-2.3595,0,0,Focused
0.5731,0.7455,0.0079,0.0079,1.1045,-58.5357,-2.7105,1,0,Focused
0.4477,0.0878,0.2571,0.0488,999.0,0.0,0.0,0,0,Looking Away
0.328,0.9196,0.0079,0.0132,1.0778,0.0,0.0,0,0,Slouching
0.6022,0.8171,0.0469,0.0144,999.0,-52.4389,-2.0663,0,0,Focused
0.5485,0.1558,0.0619,0.0454,999.0,0.0,0.0,0,0,Looking Away
0.5219,0.5919,0.1058,0.0529,0.454,-62.4962,4.112,1,0,Leaning on Desk
0.5708,0.4116,0.0476,0.0159,999.0,-53.1355,-18.9468,0,0,Looking Away
0.3868,0.1574,0.1934,0.0094,999.0,0.0,0.0,0,0,Looking Away
0.5563,1.0213,0.2285,0.1159,0.3033,-61.8254,-16.8939,1,0,Leaning on Desk
0.5618,0.6591,0.1324,0.0706,999.0,-81.7847,-9.9027,0,0,Slouching
0.5954,0.8762,0.0153,0.0153,999.0,-60.1014,-0.4684,0,0,Focused
0.4513,0.8041,0.1327,0.1652,0.4726,-51.3999,-0.4085,1,0,Leaning on Desk
0.5674,0.5691,0.2218,0.0881,2.0601,-75.495,-11.7681,0,0,Slouching
0.5874,0.5421,0.071,0.0039,999.0,-62.9199,-28.8742,0,0,Looking Away
0.5273,0.7981,0.0823,0.0518,999.0,-75.7928,0.0537,0,0,Slouching
0.5658,0.8657,0.0155,0.0078,1.6904,-58.2029,-3.9814,0,0,Focused
0.5861,0.9149,0.0153,0.0192,999.0,-57.1408,-0.7671,0,0,Focused
0.5708,0.5332,0.0121,0.0283,0.3829,-67.5993,-0.9314,1,0,Leaning on Desk
0.5809,0.6683,0.0074,0.0221,1.0898,-58.7375,-1.1872,1,0,Focused
0.5518,0.5768,0.0581,0.0182,999.0,-60.7165,-30.421,0,0,Looking Away
0.6505,0.5811,0.0108,0.0376,999.0,-69.5431,-10.7529,0,0,Slouching
0.614,0.6015,0.0436,0.0145,0.7739,-59.7286,-3.5841,1,0,Leaning on Desk
0.5854,0.8788,0.019,0.0266,999.0,-59.3933,-1.3911,0,0,Focused
0.5905,0.8566,0.0974,0.0578,999.0,-67.0795,2.5257,0,0,Slouching
0.5766,0.8437,0.0207,0.0041,0.2677,-60.2317,-7.6003,1,0,Leaning on Desk
0.6085,0.4405,0.0597,0.0,999.0,-79.8165,-22.4123,0,0,Looking Away
0.5964,0.5556,0.0675,0.0338,0.4896,-74.3856,-11.8442,1,0,Leaning on Desk
0.59,0.8879,0.0153,0.0306,999.0,-59.4644,-0.3443,0,0,Focused
0.3598,0.4744,0.2455,0.1143,999.0,-25.9741,-30.7262,0,0,Looking Away
0.5647,0.6244,0.0036,0.0216,1.2287,-57.1362,-1.1062,1,0,Focused
0.5263,0.924,0.0265,0.0189,1.1406,-50.1576,-1.0652,1,0,Focused
0.5731,0.7493,0.0158,0.0079,1.0961,-59.1794,-2.2751,1,0,Focused
0.5779,1.0702,0.0504,0.0207,999.0,-67.4654,-0.6653,0,0,Slouching
0.6398,0.6066,0.037,0.0159,999.0,-71.37,-10.8593,0,0,Slouching
0.389,1.2101,0.2102,0.1997,999.0,-39.0629,9.7164,0,0,Slouching
0.5014,0.5435,0.2062,0.089,0.472,-67.2169,0.1023,1,0,Leaning on Desk
0.2628,1.2758,0.1122,0.1177,1.3151,-33.3406,10.4515,0,0,Slouching
0.5611,0.7004,0.0036,0.0144,1.1353,-55.5321,-1.1955,1,0,Focused
0.6063,0.5507,0.0419,0.0153,0.4671,-76.1087,-15.748,1,0,Leaning on Desk
0.5796,0.6365,0.036,0.004,999.0,-85.4272,14.7385,0,0,Looking Away
0.5904,0.951,0.0958,0.0309,999.0,-64.221,-6.9082,0,0,Slouching
0.578,0.6042,0.0413,0.0,999.0,-79.5568,25.9178,0,0,Looking Away
0.5716,0.4319,0.0587,0.0196,1.0715,0.0,0.0,1,0,Looking Away
0.6409,0.6485,0.0379,0.0211,0.5068,-62.3122,7.5297,1,0,Leaning on Desk
0.5617,0.7208,0.0452,0.0075,999.0,-66.4916,0.6351,0,0,Leaning on Desk
0.6487,0.5945,0.0266,0.0479,999.0,-76.7118,-10.2441,0,0,Slouching
0.5608,0.6051,0.0634,0.0317,999.0,-74.3349,-2.9119,0,0,Slouching
0.6327,0.8397,0.0245,0.028,999.0,-63.5448,0.9894,0,0,Leaning on Desk
0.5807,0.355,0.0249,0.0166,1.5045,-61.8321,49.0982,0,0,Looking Away
0.5518,0.6236,0.1095,0.0081,0.3583,-71.7976,-10.7827,1,0,Leaning on Desk
0.5621,0.7104,0.055,0.0118,999.0,-66.8055,-0.1481,0,0,Leaning on Desk
0.5463,0.987,0.2212,0.124,0.2764,-59.253,-17.5844,1,0,Leaning on Desk
0.5597,0.7128,0.032,0.04,999.0,-65.3029,-4.1978,0,0,Slouching
0.5622,0.7616,0.0418,0.0114,999.0,-66.2887,0.1125,0,0,Leaning on Desk
0.5618,0.7594,0.0075,0.0262,999.0,-64.0943,-2.7467,0,0,Slouching
0.5783,0.8516,0.0248,0.0041,0.2666,-60.4495,-8.4538,1,0,Leaning on Desk
0.6267,0.6695,0.0261,0.0336,1.2811,-59.7264,-4.1554,0,0,Leaning on Desk
0.5831,0.185,0.0657,0.0452,999.0,0.0,0.0,0,0,Looking Away
0.5725,0.7276,0.0487,0.0041,999.0,-50.845,-0.5849,0,0,Looking Away
0.5725,0.7958,0.0166,0.0,0.2718,-59.6078,-7.5081,1,0,Leaning on Desk
0.5485,0.8045,0.0699,0.0368,999.0,-68.504,-1.3524,0,0,Leaning on Desk
0.4106,0.2187,0.1987,0.0,2.0044,0.0,0.0,0,0,Looking Away
0.6008,0.4496,0.1489,0.0266,999.0,-55.8095,1.0051,0,0,Slouching
0.1452,0.8479,0.1948,0.2054,1.4821,0.0,0.0,0,0,Slouching
0.432,0.0974,0.2819,0.05,999.0,0.0,0.0,0,0,Looking Away
0.612,0.5662,0.0725,0.0317,1.0893,-52.6488,33.9247,1,0,Looking Away
0.4162,0.3959,0.1746,0.0269,0.7139,0.0,0.0,1,0,Looking Away
0.6335,0.834,0.0522,0.0261,999.0,-60.2434,0.5782,0,0,Focused
0.6167,0.4581,0.0282,0.0081,999.0,-81.9565,4.5476,0,0,Looking Away
0.5316,0.7963,0.0464,0.0285,0.4239,-67.1839,4.4957,1,0,Leaning on Desk
0.5984,0.1989,0.1164,0.0083,999.0,-52.4626,-48.2822,0,0,Looking Away
0.5562,0.4964,0.2425,0.097,2.0534,-78.4599,-9.869,0,0,Slouching
0.4553,0.9827,0.2319,0.1272,999.0,-58.0194,3.8025,0,0,Slouching
0.5246,0.6359,0.1154,0.0595,0.4807,-63.7627,5.0303,1,0,Leaning on Desk
0.5098,0.6281,0.2152,0.2284,0.4602,-50.019,6.2176,1,0,Leaning on Desk
0.5352,0.7728,0.0428,0.0285,0.4282,-68.0163,4.0339,1,0,Leaning on Desk
0.5162,0.4068,0.2045,0.0487,999.0,-54.355,-7.7283,0,0,Slouching
0.6642,0.5776,0.0432,0.0054,999.0,-71.3306,-14.493,0,0,Slouching
0.5856,0.3567,0.0251,0.0042,999.0,-64.1109,-24.3865,0,0,Looking Away
0.5629,0.6579,0.0764,0.004,0.3128,-72.9402,-11.9402,1,0,Leaning on Desk
0.5625,0.4852,0.0497,0.023,0.6184,-67.3415,-0.5612,1,0,Leaning on Desk
0.3922,0.1421,0.1843,0.0047,999.0,0.0,0.0,0,0,Looking Away
0.5477,0.7232,0.0438,0.0657,999.0,-68.1654,-6.541,0,0,Slouching
0.596,0.3764,0.073,0.0041,999.0,-58.7641,-41.57,0,0,Looking Away
0.5845,0.5117,0.0242,0.0242,0.3279,-65.9848,2.3052,1,0,Leaning on Desk
0.5903,0.5665,0.1687,0.0264,999.0,-55.7057,0.6404,0,0,Slouching
0.6349,0.822,0.0246,0.0281,999.0,-63.7735,1.0444,0,0,Leaning on Desk
0.5641,0.6926,0.0534,0.0152,999.0,-65.9466,0.5864,0,0,Leaning on Desk
0.4647,0.8957,0.1644,0.0854,999.0,-52.912,-0.3926,0,0,Slouching
0.5845,0.3975,0.0927,0.0081,999.0,-50.9132,-50.3307,0,0,Looking Away
0.5584,0.6945,0.0456,0.0038,1.1414,-54.7978,-6.7573,1,0,Focused
0.6129,0.5974,0.0288,0.0,999.0,-79.7037,11.9851,0,0,Looking Away
0.5596,0.6589,0.0072,0.0144,1.2152,-51.121,-1.3733,1,0,Focused
0.5805,0.4441,0.0542,0.0194,999.0,-73.7265,-30.0272,0,0,Looking Away
0.5954,0.8877,0.0076,0.0153,999.0,-66.9349,-2.1722,0,0,Focused
0.5383,0.757,0.0406,0.0442,0.7095,-74.2733,-1.6016,1,0,Leaning on Desk
0.535,0.765,0.0326,0.0706,999.0,-49.5634,-12.3642,0,0,Slouching
0.549,1.0085,0.0792,0.0437,0.8717,-75.1568,-5.0208,1,0,Slouching
0.5169,0.9557,0.0189,0.0075,1.1355,-45.3631,-0.517,1,0,Focused
0.5541,0.6867,0.0232,0.0077,1.0959,-56.9858,-1.8423,1,0,Focused
0.5018,0.971,0.019,0.0152,1.0816,-45.6679,-0.627,1,0,Focused
0.2118,0.6458,0.1027,0.0545,0.5989,0.0,0.0,1,0,Slouching
0.5219,0.888,0.2411,0.0793,999.0,-69.4485,-0.6601,0,0,Slouching
0.579,0.6016,0.0357,0.0278,0.5508,-67.3397,-0.0818,1,0,Leaning on Desk
0.495,0.1717,0.1961,0.0187,1.6735,0.0,0.0,0,0,Looking Away
0.5183,0.642,0.1029,0.0343,0.2861,-60.178,-7.9541,1,0,Leaning on Desk
0.5779,0.9057,0.0152,0.0152,999.0,-57.3889,-1.4445,0,0,Focused
0.583,0.7341,0.0037,0.0111,1.5798,-65.6746,-1.9362,0,0,Focused
0.5591,0.738,0.0694,0.0365,0.4118,-69.8448,2.7473,1,0,Leaning on Desk
0.5601,0.7414,0.0038,0.0263,999.0,-64.1428,-3.1624,0,0,Slouching
0.6361,0.8673,0.028,0.0245,999.0,-63.3884,0.8976,0,0,Leaning on Desk
0.1265,0.8658,0.1744,0.1812,0.3936,0.0,0.0,1,0,Slouching
0.5686,0.8002,0.0078,0.0157,1.1085,-56.8068,-3.7125,1,0,Focused
0.584,0.5624,0.0314,0.0314,0.5103,-65.4223,8.3193,1,0,Leaning on Desk
0.3314,0.3057,0.2691,0.1521,0.3984,-76.4982,3.5069,1,0,Leaning on Desk
0.5836,0.4934,0.0509,0.0196,999.0,-81.013,-19.5771,0,0,Looking Away
0.5034,0.9386,0.1912,0.1744,0.4469,-52.8173,-1.0415,1,0,Leaning on Desk
0.5944,0.5307,0.008,0.0241,0.3253,-66.9455,2.1537,1,0,Leaning on Desk
0.568,0.8895,0.0156,0.0117,999.0,-58.7759,-3.8873,0,0,Focused
0.5588,0.9465,0.1544,0.1853,0.4631,-51.2132,1.3053,1,0,Leaning on Desk
0.6353,0.4739,0.0267,0.0089,999.0,-56.5097,-35.5194,0,0,Looking Away
0.5938,0.8445,0.0115,0.0268,999.0,-60.2299,-0.3331,0,0,Focused
0.5338,0.6377,0.113,0.0039,0.2265,-75.7526,-8.047,1,0,Leaning on Desk
0.5614,0.8285,0.0565,0.0264,1.7744,-70.4235,-0.5658,0,0,Leaning on Desk
0.5316,0.7716,0.1489,0.1347,0.2692,-57.1985,-12.3346,1,0,Leaning on Desk
0.4658,0.1711,0.1164,0.0616,1.6119,0.0,0.0,0,0,Slouching
0.5938,0.8687,0.0115,0.0268,999.0,-59.3438,-0.5293,0,0,Focused
0.4237,0.1686,0.3053,0.0866,999.0,-24.7857,-58.2893,0,0,Looking Away
0.5338,0.8316,0.1882,0.1471,0.2738,-58.4364,-10.9085,1,0,Leaning on Desk
0.5253,0.7381,0.0292,0.0182,1.0529,-40.9123,1.5318,1,0,Focused
0.5838,0.7396,0.0182,0.0182,1.392,-65.1368,-2.4245,1,0,Focused
0.5074,0.9052,0.0227,0.0189,1.0639,-46.7707,-2.2211,1,0,Focused
0.5436,0.2073,0.0523,0.0483,999.0,0.0,0.0,0,0,Looking Away
0.5818,0.272,0.0172,0.0129,999.0,0.0,0.0,0,0,Looking Away
0.5285,0.6112,0.1072,0.0554,0.3588,-58.9481,0.5734,1,0,Leaning on Desk
0.5575,1.1233,0.0924,0.0268,999.0,-65.6632,-4.4329,0,0,Slouching
0.5056,0.9677,0.019,0.019,1.0888,-43.3667,-0.4934,1,0,Focused
0.615,0.55,0.0806,0.0212,0.5132,-63.7912,8.6897,1,0,Leaning on Desk
0.5318,0.8454,0.0,0.0112,0.4773,-71.5798,-0.0326,1,0,Leaning on Desk
0.5195,0.7512,0.1456,0.2085,0.4836,-50.2688,8.367,1,0,Leaning on Desk
0.4852,0.083,0.2229,0.035,999.0,0.0,0.0,0,0,Looking Away
0.5687,0.4551,0.2036,0.0679,2.0436,-73.6787,-12.1427,0,0,Slouching
0.5432,0.7825,0.0665,0.0259,999.0,-69.5139,-0.711,0,0,Leaning on Desk
0.5101,0.7829,0.2841,0.0936,999.0,-72.386,0.8469,0,0,Slouching
0.5657,0.6842,0.0073,0.0182,1.2862,-49.67,-1.4456,1,0,Focused
0.4366,1.0447,0.2267,0.1315,999.0,-56.3376,1.0075,0,0,Slouching
0.5774,0.7171,0.0084,0.0586,999.0,-72.4624,-3.4437,0,0,Slouching
0.5911,0.4927,0.0044,0.0311,999.0,-43.5139,-29.087,0,0,Looking Away
0.5266,0.8898,0.0191,0.0076,999.0,-45.3733,0.4827,0,0,Focused
0.5764,0.3462,0.0242,0.0322,999.0,-73.4642,45.5879,0,0,Looking Away
0.6157,0.5806,0.0044,0.0175,999.0,-79.3585,21.3883,0,0,Looking Away
0.5596,0.6409,0.0072,0.0144,1.1015,-50.448,-1.611,1,0,Focused
0.3857,0.6056,0.0332,0.0249,999.0,-32.8901,20.7178,0,0,Looking Away
0.5188,0.96,0.0227,0.0076,1.1429,-45.5594,-0.0684,1,0,Focused
0.5409,1.0654,0.1061,0.0504,0.9073,-70.6402,-6.0462,1,0,Slouching
0.5686,0.8058,0.0078,0.0118,1.1051,-57.3044,-3.0742,1,0,Focused
0.6194,0.5598,0.0372,0.0083,999.0,-78.4407,3.8449,0,0,Looking Away
0.5887,0.7938,0.0296,0.0042,0.2758,-60.6666,-8.6528,1,0,Leaning on Desk
0.5327,0.9484,0.2018,0.1456,0.2769,-62.513,-13.2627,1,0,Leaning on Desk
0.5777,0.5352,0.0441,0.0241,1.7094,-73.5974,29.9078,0,0,Looking Away
0.5445,0.8057,0.0694,0.0402,999.0,-68.2886,-1.2264,0,0,Leaning on Desk
0.5529,0.8072,0.071,0.0374,999.0,-67.8254,-0.8223,0,0,Leaning on Desk
0.5986,0.2645,0.0861,0.0123,999.0,-59.2784,-45.6776,0,0,Looking Away
0.5376,0.6135,0.0472,0.0363,0.4238,-71.3924,4.8387,1,0,Leaning on Desk
0.4559,0.3507,0.1193,0.1236,0.3099,-79.8458,3.3551,1,0,Leaning on Desk
0.5196,0.7659,0.0945,0.1163,0.3044,-57.565,-12.7905,1,0,Leaning on Desk
0.3629,0.4992,0.2236,0.1097,999.0,-23.6133,-29.3667,0,0,Looking Away
0.6219,0.5908,0.0415,0.0124,999.0,-78.6027,0.4329,0,0,Looking Away
0.5181,0.85,0.1369,0.1075,0.4921,-54.2509,7.9237,1,0,Leaning on Desk
0.6281,0.8418,0.0598,0.0336,999.0,-59.807,-1.1611,0,0,Focused
0.6234,0.59,0.0413,0.0124,999.0,-79.7629,0.4738,0,0,Looking Away
0.3887,0.4205,0.1623,0.0299,0.6664,0.0,0.0,1,0,Looking Away
0.6304,0.8783,0.0313,0.0209,999.0,-63.4095,2.3952,0,0,Leaning on Desk
0.5681,0.1644,0.0403,0.0363,999.0,0.0,0.0,0,0,Looking Away
0.513,0.6652,0.1164,0.0509,0.3402,-61.9388,-0.3264,1,0,Leaning on Desk
0.5763,0.7058,0.1233,0.0586,1.1572,-71.0022,-7.0951,1,0,Slouching
0.5562,0.7239,0.0454,0.0038,1.2002,-54.1183,-7.4841,1,0,Focused
0.5519,0.9653,0.2155,0.1274,0.2965,-63.774,-14.6266,1,0,Leaning on Desk
0.5474,0.515,0.1805,0.0963,999.0,-69.0304,-23.5024,0,0,Slouching
0.4647,0.1864,0.1218,0.0045,1.7757,0.0,0.0,0,0,Looking Away
0.5197,0.6466,0.1364,0.2111,0.4681,-49.5285,6.5956,1,0,Leaning on Desk
0.6014,0.8352,0.023,0.0192,999.0,-62.8036,-0.1767,0,0,Focused
0.5855,0.7283,0.0036,0.0109,1.2271,-63.6756,-1.9041,1,0,Focused
0.5604,0.7225,0.0553,0.0079,999.0,-68.1157,-0.7108,0,0,Leaning on Desk
0.5719,0.8506,0.0195,0.0117,1.2079,-56.7171,-1.7947,1,0,Focused
0.5937,0.953,0.0928,0.0309,999.0,-69.2341,-7.2152,0,0,Slouching
0.6322,0.8436,0.0486,0.0262,999.0,-60.0074,0.865,0,0,Focused
0.5799,0.5563,0.0,0.0037,1.1313,-64.9764,-1.7522,1,0,Focused
0.5268,0.7545,0.0143,0.0251,1.0674,-42.5729,-0.4309,1,0,Focused
0.3624,0.3578,0.262,0.1616,0.593,-70.3444,2.2823,1,0,Leaning on Desk
0.5359,0.7621,0.0266,0.0114,1.0681,-53.9367,-1.6751,1,0,Focused
0.5802,0.308,0.0721,0.0038,999.0,-55.9812,-46.5379,0,0,Looking Away
0.6287,0.692,0.0375,0.0208,0.5373,-62.0978,6.8869,1,0,Leaning on Desk
0.5877,0.9133,0.0153,0.0191,999.0,-57.8105,-0.2307,0,0,Focused
0.0,0.0,0.0,0.0,0.0,0.0,0.0,0,0,Absence
0.5725,0.7058,0.0487,0.0041,999.0,-49.703,-0.2571,0,0,Looking Away
0.5855,0.7853,0.0,0.0109,1.8533,-63.4337,-2.1698,0,0,Focused
0.6183,0.671,0.0259,0.037,1.0268,-60.713,-3.1843,1,0,Leaning on Desk
0.6063,0.2561,0.0619,0.033,999.0,0.0,0.0,0,0,Looking Away
0.5697,0.7965,0.0783,0.0427,0.414,-69.0519,0.4275,1,0,Leaning on Desk
0.5188,0.9259,0.0189,0.0076,1.0892,-45.7829,-0.3178,1,0,Focused
0.4399,0.185,0.2065,0.0,1.7919,0.0,0.0,0,0,Looking Away
0.5954,0.8842,0.0114,0.0153,999.0,-66.443,-2.2234,0,0,Focused
0.5608,0.6894,0.0395,0.0158,999.0,-67.8154,-0.3577,0,0,Leaning on Desk
0.5521,0.4614,0.0548,0.0078,999.0,-89.3145,13.3875,0,0,Looking Away
0.551,0.7455,0.2334,0.1037,999.0,-81.615,-3.0299,0,0,Slouching
0.5579,0.348,0.0495,0.0135,0.8588,0.0,0.0,1,0,Looking Away
0.6177,0.8307,0.0518,0.0259,999.0,-53.5215,-2.454,0,0,Focused
0.4471,0.9995,0.1984,0.1125,999.0,-55.2838,0.9175,0,0,Slouching
0.3995,0.4123,0.1246,0.0043,0.7168,0.0,0.0,1,0,Looking Away
0.6335,0.8282,0.0522,0.0261,999.0,-59.6068,0.6611,0,0,Focused
0.5075,0.2005,0.064,0.0341,999.0,0.0,0.0,0,0,Looking Away
0.5697,0.6924,0.0653,0.0435,0.5466,-72.8011,-3.9892,1,0,Leaning on Desk
0.5891,0.6772,0.0036,0.0182,1.1495,-62.4018,-1.6749,1,0,Focused
0.6273,0.5409,0.0674,0.0042,0.5095,-64.0666,8.3648,1,0,Leaning on Desk
0.5778,0.5688,0.0037,0.0074,1.1169,-65.4892,-1.7854,1,0,Focused
0.185,0.2935,0.1626,0.1289,1.0819,0.0,0.0,0,0,Slouching
0.5427,0.5639,0.1761,0.1184,999.0,-61.9027,-26.7421,0,0,Slouching
0.6088,0.8602,0.0474,0.0146,999.0,-51.7936,-2.4775,0,0,Focused
0.5487,0.6768,0.119,0.1045,999.0,-57.2547,-18.2677,0,0,Slouching
1.1333,0.2183,0.1437,0.016,1.1187,0.0,0.0,1,0,Slouching
0.5144,0.8113,0.0181,0.0217,1.0826,-39.4316,0.7674,1,0,Focused
0.583,0.7006,0.0037,0.0111,999.0,-65.0662,-2.5629,0,0,Focused
0.6183,0.6434,0.0259,0.037,0.9648,-61.0266,-3.5907,1,0,Leaning on Desk
0.5431,0.7206,0.051,0.0364,0.4381,-68.1936,2.5572,1,0,Leaning on Desk
0.483,0.8305,0.1569,0.1323,0.4479,-48.9247,2.8122,1,0,Leaning on Desk
0.532,0.8531,0.0342,0.0038,1.2653,-50.445,-1.8685,1,0,Focused
0.4124,0.2053,0.2015,0.0141,2.0656,0.0,0.0,0,0,Looking Away
0.5437,1.0525,0.0916,0.0515,1.1397,-72.345,-7.6343,1,0,Slouching
0.5819,0.3899,0.0495,0.0289,0.7439,-69.4255,58.89,1,0,Looking Away
0.5124,0.502,0.1766,0.0984,999.0,-76.139,-19.3898,0,0,Slouching
0.6065,0.5393,0.0082,0.0246,0.311,-66.6598,2.8231,1,0,Leaning on Desk
0.3805,0.262,0.2944,0.1313,999.0,0.0,0.0,0,0,Looking Away
0.558,1.0395,0.09,0.024,999.0,-63.9873,-6.5227,0,0,Slouching
0.6151,0.5729,0.0329,0.0366,0.4771,-60.5753,-3.4306,1,0,Leaning on Desk
0.5241,0.8753,0.1747,0.2096,0.4764,-48.789,4.3638,1,0,Leaning on Desk
0.5413,0.1562,0.0513,0.0093,1.8415,0.0,0.0,0,0,Looking Away
0.504,1.0456,0.0135,0.0135,999.0,-50.383,-12.7185,0,0,Slouching
0.5733,0.6869,0.0601,0.0361,999.0,-62.4212,-1.9269,0,0,Slouching
0.4944,1.2612,0.0459,0.0459,0.8933,-49.9874,-17.4037,1,0,Slouching
0.5938,0.6091,0.0441,0.0321,0.5138,-64.6639,8.6919,1,0,Leaning on Desk
0.59,0.8635,0.0115,0.0306,999.0,-59.5461,-0.3377,0,0,Focused
0.5933,0.5438,0.0083,0.0166,0.4201,-67.0475,-0.2568,1,0,Leaning on Desk
0.5931,0.878,0.0076,0.0152,999.0,-66.7071,-2.1713,0,0,Focused
0.6066,0.3729,0.0678,0.0,999.0,-71.5017,-34.9957,0,0,Looking Away
0.5117,0.7904,0.1487,0.1452,0.2724,-59.5839,-14.5817,1,0,Leaning on Desk
0.6393,0.573,0.0376,0.0107,999.0,-68.3762,-11.8834,0,0,Slouching
0.6022,0.8614,0.0469,0.0144,999.0,-52.169,-1.9821,0,0,Focused
0.532,0.8614,0.0342,0.0038,1.1676,-50.0717,-2.5034,1,0,Focused
0.5501,0.7087,0.1354,0.1152,999.0,-57.8698,-23.1697,0,0,Slouching
0.5809,0.7685,0.0074,0.0221,1.086,-60.1979,-1.5732,1,0,Focused
0.5998,0.8592,0.0231,0.0154,999.0,-64.5163,-0.5169,0,0,Focused
0.5731,0.3672,0.0163,0.0325,999.0,-58.1749,-30.2066,0,0,Looking Away
0.6206,0.6495,0.026,0.0372,1.0533,-59.6009,-3.9788,1,0,Leaning on Desk
0.6131,0.5994,0.0977,0.0311,1.7615,-50.3653,35.062,0,0,Looking Away
0.5953,0.8638,0.0191,0.0191,999.0,-60.3585,0.1228,0,0,Focused
